replace x by y
C02|CO2
Biopharma|BioPharma
capex|CapEx
CAPEX|CapEx
capital|Capital
coronavirus|Coronavirus
Covid-19|COVID-19
Credit Swiss|Credit Suisse
eCommerce|e-commerce
GCPs|GCP's
King Airs|King Air's
Michele|Michelle
Non- GAAP|Non-GAAP

evaluate x by learning with y
AcelRx's|AcelRx
Adam|Adam Samuelson
Adjusted EBITDA|EBITDA
Alan|Alan Schnitzer
Aldeyra's|Aldeyra
Andreas|Andreas Harstrick
Angus|Angus Smith
Argos|Argos ONE
Arndt|Arndt Schottelius
Beckman|Beckman Coulter
Ben|Ben Isaacson
Ben|Ben Theurer
Bill|Bill Bullock
Bill|Bill Wagner
Bobby|Bobby Griffin
Borja|Borja Garcia-Alarcon
Capital|Capital Markets
Carla|Carla Casella
CEOs|CEO
Cepheid|Cepheid Radiometer and IDT
Chris|Chris Ahern
Chris|Chris Parkinson
Chris's|Chris Ahern
Chris's|Chris Parkinson
Coke|Coke FEMSA
Columbia|Columbia Gas
Concho's|Concho
Conoco|ConocoPhillips
COVID|COVID-19
Craig|Craig Merrill
David|David Bistricer
Dominic|Dominic Macklon
DSOs|DSO
Edward|Edward Lu
Eversource|Eversource Gas Company
Eversource Gas|Eversource Gas Company
Fabio|Fabio Sandri
FCC's|FCC
FEMSA's|FEMSA
FPL's|FPL
GCP's|GCP
GE|GE Capital
GE|GE Industrial
GRAIL's|GRAIL
Grupo|Grupo SURA
Hector|Hector Chavez
Hershey's|Hershey
HR's|HR
Illumina's|Illumina
Ingersoll|Ingersoll Rand Industrial Segment
Ingersoll Rand|Ingersoll Rand Industrial Segment
Jerome|Jerome Griffith
Joel|Joel Jackson
King Air's|King Air
lockdowns|lockdown
Mark|Mark Lumpkin
Markus|Markus Krebber
Mary|Mary Berner
Matt's|Matt
Michael|Michael Frenz
Michael|Michael Weinstein
MOBs|MOB
Monro|Monro Forward Initiative
Monro Forward Initiatives|Monro Forward Initiative
Morgan|Morgan Stanley
MVPDs|MVPD
New Home Company's|New Home Company
Nexstar's|Nexstar
NextEra Energy|NextEra Energy Partners
NextEra Energy's|NextEra Energy Partners
NextEra Energy|NextEra Energy Transmission
GAAP|Non-GAAP
NPLs|NPL
OEMs|OEM
Omni|Omni-channel
Peter|Peter Benedict
Pilgrim's|Pilgrim's Pride
Rafeh|Rafeh Masood
Rainer|Rainer Blair
Robert|Robert Anderson
Rob|Rob Hall
Rob|Rob Pauline
Scotia|Scotiabank
Scott|Scott Davis
Scott|Scott Dudley
Shuang|Shuang Liu
SiTimes|SiTime
SMEs|SME
Spire's|Spire
Steve|Steve Barnes
Steve|Steve Humphreys
Steve|Steve Lindsey
Steve|Steve Rasche
ThrustSense|ThrustSense Autothrottle
Todd|Todd Brady
Todd's|Todd Brady
Tomas|Tomas Restrepo
Tycho|Tycho Peterson
Vicente|Vicente Reynal
Vince|Vince Angotti
Vincent|Vincent Andrews
Vineyard|Vineyard Wind
YETI's|YETI
Zimmer|Zimmer Biomet
